Number,#,Assign F1,Assign F2,Traj Dist,Shift Dist,Fit Error,Num Peaks,Fitted Function,Fit Param A,Fit Param B,Param Error A,Param Error B
1,40,28HisH,28HisN,0.13595,0.13490,0.08728,5,Ax + B,0.00608,-1.75679,5.01806e-04,0.15017
2,78,34ValH,34ValN,0.13271,0.11335,0.03370,5,Ax + B,0.00599,-1.72741,1.93757e-04,0.05798
3,65,35AspH,35AspN,0.19575,0.19232,0.03130,4,Ax + B,0.00894,-2.57571,1.92393e-04,0.05784
4,56,36AspH,36AspN,0.14857,0.14721,0.02925,5,Ax + B,0.00671,-1.93163,1.68158e-04,0.05032
5,62,37AspH,37AspN,0.15942,0.15129,0.13830,5,Ax + B,0.00671,-1.91857,7.95143e-04,0.23795
6,69,38AspH,38AspN,0.12898,0.12815,0.05111,5,Ax + B,0.00567,-1.63019,2.93890e-04,0.08795
7,21,39LysH,39LysN,0.14644,0.13467,0.08210,5,Ax + B,0.00689,-1.98545,4.72063e-04,0.14127
8,70,40MetH,40MetN,0.15163,0.14515,0.07520,5,Ax + B,0.00670,-1.93555,4.32392e-04,0.12939
9,1,41ThrH,41ThrN,0.15472,0.15380,0.08423,5,Ax + B,0.00691,-1.99841,4.84270e-04,0.14492
10,72,42TyrH,42TyrN,0.19373,0.19291,0.11220,3,Ax + B,0.00861,-2.47318,6.92963e-04,0.20613
11,14,43ValH,43ValN,0.11660,0.11555,0.04959,5,Ax + B,0.00515,-1.48499,2.85145e-04,0.08533
12,24,44ArgH,44ArgN,0.13686,0.12830,0.03766,5,Ax + B,0.00604,-1.73823,2.16503e-04,0.06479
13,52,45AlaH,45AlaN,0.10759,0.10755,0.02749,5,Ax + B,0.00482,-1.38878,1.58068e-04,0.04730
14,3,46IleH,46IleN,0.12433,0.12420,0.04910,5,Ax + B,0.00551,-1.58939,2.82314e-04,0.08448
15,9,48ValH,48ValN,0.18561,0.17984,0.08976,5,Ax + B,0.00886,-2.56053,5.16076e-04,0.15444
16,27,51ThrH,51ThrN,0.18141,0.18013,0.00990,5,Ax + B,0.00823,-2.37094,5.69274e-05,0.01704
17,17,55AlaH,55AlaN,0.16827,0.16506,0.03858,5,Ax + B,0.00773,-2.22467,2.21807e-04,0.06638
18,33,56GlyH,56GlyN,0.16033,0.15753,0.03576,5,Ax + B,0.00724,-2.08331,2.05592e-04,0.06152
19,77,57MetH,57MetN,0.12249,0.11974,0.05687,5,Ax + B,0.00543,-1.56708,3.26996e-04,0.09785
20,57,58ArgH,58ArgN,0.14887,0.14586,0.01013,5,Ax + B,0.00680,-1.96039,5.82557e-05,0.01743
21,63,59GluH,59GluN,0.11615,0.11573,0.05758,5,Ax + B,0.00507,-1.46325,3.31058e-04,0.09907
22,71,60GluH,60GluN,0.12120,0.11538,0.08905,5,Ax + B,0.00533,-1.54095,5.12015e-04,0.15322
23,43,61AsnH,61AsnN,0.12961,0.12929,0.06014,5,Ax + B,0.00562,-1.61815,3.45755e-04,0.10347
24,75,62LeuH,62LeuN,None,None,None,1,Ax + B,None,None,None,None
25,2,63AsnH,63AsnN,0.14385,0.14381,0.08983,5,Ax + B,0.00614,-1.76166,5.16469e-04,0.15455
26,8,64TyrH,64TyrN,0.13911,0.13486,0.04543,5,Ax + B,0.00630,-1.81830,2.61183e-04,0.07816
27,15,65IleH,65IleN,0.14275,0.14256,0.10178,5,Ax + B,0.00651,-1.88344,5.85171e-04,0.17511
28,51,66PheH,66PheN,0.12912,0.11970,0.05839,5,Ax + B,0.00566,-1.63205,3.35719e-04,0.10046
29,41,70LeuH,70LeuN,0.15267,0.15256,0.11638,5,Ax + B,0.00646,-1.85064,6.69154e-04,0.20024
30,58,71PheH,71PheN,0.12383,0.12103,0.05839,5,Ax + B,0.00556,-1.60361,3.35720e-04,0.10046
31,64,72GlyH,72GlyN,0.12000,0.12000,0.06055,5,Ax + B,0.00527,-1.52134,3.48153e-04,0.10419
32,96,73ValH,73ValN,0.15534,0.15346,0.07820,4,Ax + B,0.00712,-2.05835,4.80674e-04,0.14319
33,105,74TyrH,74TyrN,0.13099,0.12630,0.07991,5,Ax + B,0.00580,-1.67611,4.59446e-04,0.13749
34,114,75ValH,75ValN,0.12156,0.12155,0.06574,5,Ax + B,0.00533,-1.53797,3.77988e-04,0.11311
35,67,77AlaH,77AlaN,0.08038,0.07583,0.13696,5,Ax + B,0.00326,-0.94513,7.87469e-04,0.23565
36,98,78AspH,78AspN,0.13914,0.13529,0.07745,5,Ax + B,0.00597,-1.71423,4.45331e-04,0.13327
37,110,79LeuH,79LeuN,0.13535,0.13524,0.10276,4,Ax + B,0.00612,-1.76865,6.31612e-04,0.18815
38,115,80AsnH,80AsnN,0.15590,0.15584,0.01163,5,Ax + B,0.00709,-2.04268,6.68827e-05,0.02001
39,60,81GluH,81GluN,0.15369,0.15255,0.03740,5,Ax + B,0.00708,-2.03676,2.15061e-04,0.06436
40,66,82AspH,82AspN,0.13170,0.12689,0.04359,5,Ax + B,0.00589,-1.69863,2.50651e-04,0.07501
41,42,83AsnH,83AsnN,0.10478,0.10417,0.09373,5,Ax + B,0.00472,-1.36795,5.38892e-04,0.16126
42,49,84ValH,84ValN,0.12562,0.12497,0.07666,4,Ax + B,0.00573,-1.65729,4.71195e-04,0.14036
43,16,85LysH,85LysN,0.22017,0.21103,0.10120,5,Ax + B,0.01027,-2.95275,5.81850e-04,0.17412
44,6,86GlnH,86GlnN,0.15782,0.15732,0.13301,5,Ax + B,0.00665,-1.90245,7.64755e-04,0.22885
45,90,87SerH,87SerN,0.17939,0.17808,0.07156,5,Ax + B,0.00784,-2.25384,4.11425e-04,0.12312
46,100,89LeuH,89LeuN,0.11196,0.11102,0.09007,5,Ax + B,0.00489,-1.41476,5.17894e-04,0.15498
47,109,91ValH,91ValN,0.12303,0.11728,0.00526,5,Ax + B,0.00559,-1.61091,3.02239e-05,0.00904
48,5,92ThrH,92ThrN,0.11661,0.09185,0.02842,5,Ax + B,0.00521,-1.50199,1.63397e-04,0.04890
49,48,93LeuH,93LeuN,0.18418,0.18227,0.07622,5,Ax + B,0.00859,-2.47235,4.38207e-04,0.13113
50,93,94ValH,94ValN,0.12800,0.12007,0.03657,5,Ax + B,0.00580,-1.67556,2.10285e-04,0.06293
51,103,95GlyH,95GlyN,0.07159,0.07115,0.12006,5,Ax + B,0.00296,-0.86024,6.90304e-04,0.20657
52,112,96IleH,96IleN,0.14555,0.14489,0.03627,5,Ax + B,0.00651,-1.87846,2.08555e-04,0.06241
53,18,97LeuH,97LeuN,0.09145,0.08938,0.08040,5,Ax + B,0.00393,-1.13558,4.62290e-04,0.13834
54,84,98PheH,98PheN,0.13684,0.13589,0.10224,5,Ax + B,0.00599,-1.73139,5.87831e-04,0.17591
55,91,99AlaH,99AlaN,0.14546,0.14379,0.01212,5,Ax + B,0.00664,-1.91365,6.96822e-05,0.02085
56,101,100AspH,100AspN,0.15317,0.15106,0.10254,5,Ax + B,0.00654,-1.87537,5.89545e-04,0.17642
57,111,101LysH,101LysN,0.13158,0.13141,0.01682,5,Ax + B,0.00604,-1.74117,9.67120e-05,0.02894
58,12,102IleH,102IleN,0.14014,0.13858,0.06695,5,Ax + B,0.00620,-1.78951,3.84932e-04,0.11519
59,29,103GluH,103GluN,0.12197,0.12166,0.02498,5,Ax + B,0.00553,-1.59498,1.43597e-04,0.04297
60,37,104GluH,104GluN,0.13499,0.12703,0.08587,5,Ax + B,0.00619,-1.78727,4.93721e-04,0.14775
61,23,105SerH,105SerN,0.08927,0.08888,0.09979,5,Ax + B,0.00388,-1.12640,5.73744e-04,0.17169
62,50,106GlnH,106GlnN,0.10508,0.10451,0.06998,5,Ax + B,0.00446,-1.28387,4.02381e-04,0.12041
63,45,107ValH,107ValN,0.11020,0.10776,0.07661,5,Ax + B,0.00485,-1.40216,4.40474e-04,0.13181
64,79,108IleH,108IleN,0.10674,0.10670,0.05683,5,Ax + B,0.00467,-1.34768,3.26743e-04,0.09778
65,39,109IleH,109IleN,0.12040,0.11541,0.05379,5,Ax + B,0.00531,-1.53251,3.09253e-04,0.09254
66,44,110ArgH,110ArgN,0.12973,0.12733,0.00583,5,Ax + B,0.00593,-1.70785,3.35464e-05,0.01004
67,55,111SerH,111SerN,0.12867,0.12847,0.02363,5,Ax + B,0.00578,-1.66718,1.35860e-04,0.04066
68,80,114GlyH,114GlyN,0.08615,0.08615,0.07841,5,Ax + B,0.00370,-1.07153,4.50850e-04,0.13492
69,85,115GluH,115GluN,0.07570,0.07569,0.08246,5,Ax + B,0.00324,-0.93874,4.74130e-04,0.14188
70,95,116GluH,116GluN,0.17329,0.17240,0.04531,5,Ax + B,0.00802,-2.31063,2.60502e-04,0.07796
71,104,117LysH,117LysN,0.17514,0.17056,0.02164,5,Ax + B,0.00790,-2.27584,1.24436e-04,0.03724
72,113,118ThrH,118ThrN,0.18831,0.18349,0.02398,5,Ax + B,0.00860,-2.47695,1.37867e-04,0.04126
73,26,119TyrH,119TyrN,0.13947,0.13697,0.03172,5,Ax + B,0.00648,-1.86649,1.82371e-04,0.05457
74,32,120AsnH,120AsnN,0.09283,0.06886,0.08600,5,Ax + B,0.00404,-1.17004,4.94465e-04,0.14797
75,7,121ValH,121ValN,0.15289,0.15258,0.01712,5,Ax + B,0.00701,-2.02001,9.84103e-05,0.02945
76,46,122GlyH,122GlyN,0.12864,0.12845,0.06298,5,Ax + B,0.00574,-1.65745,3.62101e-04,0.10836
77,92,123AspH,123AspN,0.07986,0.07675,0.07561,5,Ax + B,0.00348,-1.00668,4.34740e-04,0.13010
78,82,124LysH,124LysN,0.16050,0.15903,0.01336,5,Ax + B,0.00726,-2.09186,7.68403e-05,0.02299
79,86,125IleH,125IleN,0.09898,0.09143,0.06970,5,Ax + B,0.00432,-1.24810,4.00760e-04,0.11993
80,20,128GlyH,128GlyN,0.08288,0.08101,0.09505,5,Ax + B,0.00354,-1.02624,5.46511e-04,0.16354
81,107,129AlaH,129AlaN,0.14262,0.14217,0.05980,4,Ax + B,0.00650,-1.87778,3.67550e-04,0.10949
82,73,130ThrH,130ThrN,0.09056,0.08539,0.10280,5,Ax + B,0.00383,-1.10982,5.91066e-04,0.17688
83,47,131IleH,131IleN,0.08711,0.08182,0.04646,5,Ax + B,0.00386,-1.11627,2.67108e-04,0.07993
84,88,132LysH,132LysN,0.12204,0.11114,0.03794,5,Ax + B,0.00541,-1.56090,2.18168e-04,0.06529
85,81,133ArgH,133ArgN,0.10576,0.09758,0.03744,5,Ax + B,0.00471,-1.35992,2.15290e-04,0.06443
86,59,134IleH,134IleN,0.04699,0.04699,0,2,Ax + B,0.00854,-2.60293,0.25713,79.04485
87,54,135MetH,135MetN,0.10684,0.10681,0.05566,5,Ax + B,0.00474,-1.36882,3.20012e-04,0.09576
88,61,137GlyH,137GlyN,0.17641,0.17220,0.04882,5,Ax + B,0.00808,-2.32401,2.80713e-04,0.08400
89,108,138GlyH,138GlyN,0.04182,0.03446,0.09898,5,Ax + B,0.00162,-0.47178,5.69073e-04,0.17030
90,11,139ValH,139ValN,0.16808,0.14683,0.01910,5,Ax + B,0.00769,-2.21518,1.09844e-04,0.03287
91,68,140LeuH,140LeuN,0.17159,0.13594,0.03050,5,Ax + B,0.00792,-2.28295,1.75357e-04,0.05248
92,76,141ValH,141ValN,0.12645,0.10693,0.00668,5,Ax + B,0.00576,-1.66010,3.83872e-05,0.01149
93,83,142GluH,142GluN,0.10519,0.10222,0.04108,5,Ax + B,0.00471,-1.36101,2.36219e-04,0.07069
94,102,143ArgH,143ArgN,0.07699,0.07567,0.04218,5,Ax + B,0.00351,-1.01580,2.42495e-04,0.07257
95,30,145GlyH,145GlyN,0.17242,0.17064,0.04052,4,Ax + B,0.00786,-2.26880,2.49042e-04,0.07419
96,13,146ThrH,146ThrN,0.07886,0.07817,0.07741,5,Ax + B,0.00340,-0.98509,4.45050e-04,0.13318
97,22,147LeuH,147LeuN,0.17987,0.17976,0.01983,5,Ax + B,0.00822,-2.36799,1.14001e-04,0.03411
98,28,148GluH,148GluN,0.12918,0.11402,0.01027,5,Ax + B,0.00583,-1.68034,5.90731e-05,0.01768
99,35,149SerH,149SerN,0.16086,0.14503,0.01683,5,Ax + B,0.00729,-2.10084,9.67721e-05,0.02896
100,94,150LeuH,150LeuN,0.14890,0.10554,0.07144,5,Ax + B,0.00675,-1.95100,4.10755e-04,0.12292
101,97,151SerH,151SerN,0.19470,0.19145,0.05973,5,Ax + B,0.00903,-2.59816,3.43441e-04,0.10278
102,25,152LeuH,152LeuN,0.10010,0.09996,0.07200,5,Ax + B,0.00438,-1.26590,4.13965e-04,0.12388
103,31,154LysH,154LysN,0.10007,0.09465,0.08561,5,Ax + B,0.00455,-1.31829,4.92246e-04,0.14731
104,38,156AspH,156AspN,0.14229,0.14196,0.01609,5,Ax + B,0.00651,-1.87558,9.25369e-05,0.02769
105,74,157LeuH,157LeuN,None,None,None,1,Ax + B,None,None,None,None
106,89,158ThrH,158ThrN,0.14658,0.14630,0.02092,5,Ax + B,0.00661,-1.90574,1.20308e-04,0.03600
107,36,159PheH,159PheN,0.15860,0.15727,0.02083,5,Ax + B,0.00716,-2.06293,1.19761e-04,0.03584
108,34,160GluH,160GluN,0.12313,0.12217,0.05659,5,Ax + B,0.00553,-1.59747,3.25355e-04,0.09736
109,10,162ValH,162ValN,0.12319,0.12291,0.07126,5,Ax + B,0.00539,-1.55540,4.09734e-04,0.12261
110,19,163AlaH,163AlaN,0.20618,0.20574,0.07991,5,Ax + B,0.00956,-2.75035,4.59455e-04,0.13749
111,4,164LysH,164LysN,0.15080,0.14989,0.07926,4,Ax + B,0.00931,-2.73011,6.44495e-04,0.19461
112,106,166LeuH,166LeuN,0.19098,0.18875,0.05862,5,Ax + B,0.00885,-2.54644,3.37033e-04,0.10086
113,87,167LysH,167LysN,0.18493,0.18370,0.07975,5,Ax + B,0.00864,-2.48632,4.58538e-04,0.13722
114,53,168GluH,168GluN,0.11514,0.11339,0.04884,5,Ax + B,0.00528,-1.52287,2.80788e-04,0.08403
115,99,169GluH,169GluN,0.17886,0.17883,0.04624,5,Ax + B,0.00808,-2.32425,2.65866e-04,0.07956
