Residue_Number,Name,SASA,CSP after WT titration (ppm),K68C-Vitc Height (dia),K68C-TEMPO height (ox),K68C-Ratio (ox/dia),A91C-Vitc Height (dia),A91C-TEMPO height (ox),A91C-Ratio (ox/dia)
40,met,71.4033813476563,,,,,,,
41,thr,107.522514343262,,,,,,,
42,tyr,224.365661621094,,,,,,,
43,val,94.4478607177734,,29450700000,30804300000,1.04596155609205,28671500000,10000000000,0.350382784297996
44,arg,70.2111129760742,,25369500000,22229300000,0.876221447013146,29667300000,10100000000,0.341510686850505
45,ala,84.7336349487305,,,,,,,
46,ile,86.8310546875,,16509000000,9855840000,0.596998001090314,22705500000,4840000000,0.213176543128317
47,pro,122.645164489746,,21790600000,18221900000,0.836227547658165,31124900000,9570000000,0.307366128083946
48,val,131.211090087891,,39650600000,35252500000,0.889078601584844,12875500000,17400000000,1.34946992349812
49,ser,13.7714223861694,,33676300000,19681600000,0.58443475084852,44308600000,6510000000,0.146874195980013
50,asn,118.619995117188,,24327600000,13195700000,0.542416843420642,26894000000,4890000000,0.181948761805607
51,thr,106.289939880371,,24254700000,15456100000,0.637241441864876,29083000000,6190000000,0.212862496991369
52,lys,155.345565795898,,5769160000,5618720000,0.973923413460538,6875690000,2380000000,0.34628088235508
53,ser,91.3433456420898,,,,,,,
54,ile,83.5365829467773,,26414800000,19107600000,0.72336720323455,29743800000,7200000000,0.241993289357782
55,ala,86.9094314575195,0.00339,,,,,,
56,gly,38.3613510131836,,24636500000,23718200000,0.962726036571753,27062100000,9140000000,0.337580232132761
57,met,123.373443603516,0.00623,23045800000,25450000000,1.10432269654341,26436200000,10100000000,0.3815676988372
58,arg,179.326873779297,0.00903,22571100000,9604790000,0.425534865380952,24312500000,3620000000,0.148869100257069
59,glu,102.131546020508,0.02016,8645400000,7119370000,0.823486478358433,10407300000,3470000000,0.333580275383625
60,glu,145.152496337891,0.03264,20645200000,15067200000,0.729816131594753,22009300000,4930000000,0.224081638216572
61,asn,56.5979499816895,0.04026,21049100000,2341152000,0.111223377721613,21280800000,18100000,0.000852670012406
62,leu,90.7069625854492,0.01613,20705500000,16596300000,0.801540653449566,22831100000,5280000000,0.231046686318224
63,asn,109.427383422852,0.03473,12519500000,4607300000,0.368009904548904,12963700000,1260000000,0.096976943310938
64,tyr,202.248168945312,0.01657,18272100000,10805800000,0.59138249024469,19027300000,3760000000,0.197365890063225
65,ile,85.4850158691406,0.02529,25206800000,12028400000,0.477188695114017,30555400000,7610000000,0.248908212623628
66,phe,163.970352172852,0.00583,32855600000,27877700000,0.84849158134382,33936500000,8170000000,0.240730481929486
67,asn,54.4457092285156,,17941600000,7062840000,0.393657198912026,18829800000,2120000000,0.112606081848984
68,thr,119.307334899902,,23752100000,20703300000,0.871640823337726,26009800000,6900000000,0.265469938254043
69,ser,25.0771923065186,,5554540000,5725800000,1.03083243616933,25655400000,6480000000,0.252585420613204
70,leu,142.915969848633,,29695800000,30907400000,1.04080038254568,35117400000,10200000000,0.290440066747538
71,phe,177.217056274414,0.04978,23243500000,22080600000,0.949968808484092,29210600000,11200000000,0.38263849424524
72,gly,13.4549570083618,0.02599,15808800000,17217300000,1.08909594656141,15309000000,7810000000,0.510267816317199
73,val,151.406509399414,0.01788,29835200000,27460600000,0.920409449241165,30353400000,11900000000,0.393494633220661
74,tyr,170.22981262207,0.03453,19954200000,21690100000,1.08699421675637,22450500000,7930000000,0.353065187857731
75,val,81.8782730102539,0.02014,20008300000,23370900000,1.16806025499418,22306600000,8550000000,0.383211695193351
76,pro,28.4044380187988,,28329200000,31719600000,1.11967863547153,31515600000,11800000000,0.374173425224333
77,ala,90.305290222168,0.00548,,,,,,
78,asp,117.809730529785,0.01374,,,,,,
79,leu,94.2611999511719,0.03842,32148400000,33511200000,1.04239091214493,33772300000,11900000000,0.352439721310068
80,asn,131.764892578125,0.00271,38521400000,44775800000,1.16236170024973,42135500000,15000000000,0.355723795849106
81,glu,112.650299072266,0.00285,25411700000,15994800000,0.629426602706627,29765800000,4860000000,0.163132857171653
82,asp,74.3215408325195,0.00347,27479400000,7391330000,0.268977124682489,30407600000,3640000000,0.119707901971875
83,asn,124.841896057129,0.00728,25687100000,16987800000,0.661335845619007,30549800000,4760000000,0.155911004327361
84,val,91.1738357543945,0.0044,18908200000,19304200000,1.02094329444368,20658000000,8050000000,0.389699390066802
85,lys,118.398483276367,0.00205,27392800000,30334100000,1.10737493063871,30375300000,13800000000,0.452864663065056
86,gln,126.768684387207,0.00255,32606100000,28984500000,0.888928758729195,33911900000,10400000000,0.306255326301387
87,ser,30.7386417388916,0.00538,19775300000,17584600000,0.88922039109394,21406900000,6270000000,0.292980767883253
88,met,129.81916809082,,33947700000,36835500000,1.08506614586555,37192000000,13400000000,0.35934609593461
89,leu,28.5394268035889,0.00248,,,,,,
90,asn,72.2256011962891,,24616100000,26802900000,1.08883616819886,26694800000,10200000000,0.381216566522319
91,val,19.2359561920166,0.00263,,,,,,
92,thr,17.0037746429443,0.00236,,,,,,
93,leu,76.5197372436523,0.00171,21364700000,20896600000,0.978090027007166,23591900000,8190000000,0.347314968273009
94,val,68.5233154296875,0.00646,23079100000,24915900000,1.07958715894467,27057500000,8090000000,0.299115956758754
95,gly,22.068546295166,0.00297,21564200000,24470000000,1.13475111527439,24753600000,9020000000,0.364517888307155
96,ile,42.2155647277832,0.00255,21659600000,24764000000,1.14332674656965,23945200000,9230000000,0.385565791891486
97,leu,89.0700454711914,0.00266,15216400000,12405100000,0.815245393128467,13934200000,4040000000,0.290191040748662
98,phe,155.295379638672,0.00461,28941100000,17264800000,0.596549543728469,32311200000,5660000000,0.175128747926416
99,ala,41.0743675231934,0.00361,20168800000,95118600,0.004716125897426,23726400000,199000000,0.008386691617776
100,asp,126.538284301758,0.00999,24252600000,9938010000,0.409770911160041,26252000000,3130000000,0.119086545786988
101,lys,132.753356933594,0.00271,,,,,,
102,ile,34.1382484436035,0.00229,14559000000,93654500,0.00643275637063,17661300000,-68300000,-0.003865196786194
103,glu,110.049545288086,0.00202,24954500000,1158640000,0.046430102787073,31100000000,185000000,0.00593922829582
104,glu,94.8651733398438,0.00498,19378600000,3449930000,0.178027824507446,22027700000,1180000000,0.053612950966283
105,ser,0,0.00167,14929600000,7375810000,0.494039358053799,16459500000,3510000000,0.21315349797989
106,gln,62.7489166259766,0.01528,15547100000,11196600000,0.720172893980228,16109400000,10600000000,0.659751449464288
107,val,0,0.00222,20511800000,19895700000,0.969963630690627,23148800000,7590000000,0.327724979264584
108,ile,27.2573127746582,0.00337,22066100000,22550600000,1.02195675719769,26467200000,8980000000,0.339394798089711
109,ile,1.84292089939117,0.00225,,,,,,
110,arg,98.209587097168,0.00271,20073900000,20902700000,1.04128744289849,23510700000,8190000000,0.348165303457575
111,ser,6.27463960647583,0.00187,35165400000,33160400000,0.942983728323864,39115700000,12300000000,0.313707795079725
112,ala,73.9314727783203,,28043100000,1811830000,0.064608762939903,30438200000,422000000,0.013854038675086
113,ser,100.777938842773,,17615900000,11734800000,0.666148195664144,20704900000,4040000000,0.19514414462277
114,gly,43.5772895812988,0.00173,19075300000,2453300000,0.128611345562062,22306300000,868000000,0.038914387415215
115,glu,76.3396682739258,0.00163,14321200000,3629770000,0.253454319470435,15013400000,1420000000,0.094313746386561
116,glu,93.5496978759766,0.00456,25540000000,9033490000,0.353699686765857,30650600000,2440000000,0.079544935498816
117,lys,112.492347717285,0.00961,33632500000,8247650000,0.245228573552367,38086300000,1750000000,0.045921499331781
118,thr,64.5289611816406,0.00195,25687100000,16987800000,0.661335845619007,30549800000,4760000000,0.155911004327361
119,tyr,14.4186353683472,0.0025,18908200000,19304200000,1.02094329444368,20658000000,8050000000,0.389699390066802
120,asn,72.1614608764648,,27392800000,30334100000,1.10737493063871,30375300000,13800000000,0.452864663065056
121,val,28.3356227874756,0.00223,32606100000,28984500000,0.888928758729195,33911900000,10400000000,0.306255326301387
122,gly,11.5938034057617,0.0019,19775300000,17584600000,0.88922039109394,21406900000,6270000000,0.292980767883253
123,asp,54.4661674499512,0.00191,33947700000,36835500000,1.08506614586555,37192000000,13400000000,0.35934609593461
124,lys,149.565444946289,0.00665,,,,,,
125,ile,0.195952966809273,0.00256,24616100000,26802900000,1.08883616819886,26694800000,10200000000,0.381216566522319
126,pro,64.2214889526367,,,,,,,
127,gly,41.119327545166,,,,,,,
128,gly,41.7340316772461,0.0019,21364700000,20896600000,0.978090027007166,23591900000,8190000000,0.347314968273009
129,ala,1.45960700511932,0.00383,23079100000,24915900000,1.07958715894467,27057500000,8090000000,0.299115956758754
130,thr,32.7859954833984,0.00401,21564200000,24470000000,1.13475111527439,24753600000,9020000000,0.364517888307155
131,ile,0,0.00252,21659600000,24764000000,1.14332674656965,23945200000,9230000000,0.385565791891486
132,lys,77.7010726928711,0.00309,15216400000,12405100000,0.815245393128467,13934200000,4040000000,0.290191040748662
133,arg,101.816246032715,0.00202,28941100000,17264800000,0.596549543728469,32311200000,5660000000,0.175128747926416
134,ile,1.4939740896225,0.00365,20168800000,95118600,0.004716125897426,23726400000,199000000,0.008386691617776
135,met,15.4153451919556,0.00256,24252600000,9938010000,0.409770911160041,26252000000,3130000000,0.119086545786988
136,pro,84.3761444091797,,,,,,,
137,gly,81.1725769042969,0.00465,14559000000,93654500,0.00643275637063,17661300000,-68300000,-0.003865196786194
138,gly,15.9748783111572,0.00286,24954500000,1158640000,0.046430102787073,31100000000,185000000,0.00593922829582
139,val,23.509298324585,0.00317,19378600000,3449930000,0.178027824507446,22027700000,1180000000,0.053612950966283
140,leu,22.5067672729492,0.00805,14929600000,7375810000,0.494039358053799,16459500000,3510000000,0.21315349797989
141,val,26.2052001953125,,15547100000,11196600000,0.720172893980228,16109400000,10600000000,0.659751449464288
142,glu,54.4646453857422,0.00301,20511800000,19895700000,0.969963630690627,23148800000,7590000000,0.327724979264584
143,arg,139.929870605469,0.00331,22066100000,22550600000,1.02195675719769,26467200000,8980000000,0.339394798089711
144,asp,130.910186767578,,,,,,,
145,gly,56.6156997680664,0.00241,20073900000,20902700000,1.04128744289849,23510700000,8190000000,0.348165303457575
146,thr,89.5238571166992,0.00255,35165400000,33160400000,0.942983728323864,39115700000,12300000000,0.313707795079725
147,leu,70.2738723754883,0.00291,28043100000,1811830000,0.064608762939903,30438200000,422000000,0.013854038675086
148,glu,140.072296142578,0.00367,17615900000,11734800000,0.666148195664144,20704900000,4040000000,0.19514414462277
149,ser,64.9169998168945,0.00457,19075300000,2453300000,0.128611345562062,22306300000,868000000,0.038914387415215
150,leu,93.5431671142578,0.00865,14321200000,3629770000,0.253454319470435,15013400000,1420000000,0.094313746386561
151,ser,70.1348495483398,0.00172,25540000000,9033490000,0.353699686765857,30650600000,2440000000,0.079544935498816
152,leu,63.4295425415039,0.00169,33632500000,8247650000,0.245228573552367,38086300000,1750000000,0.045921499331781
153,pro,140.829559326172,,,,,,,
154,lys,115.792449951172,,,,,,,
155,asn,134.926376342773,,,,,,,
156,asp,113.791412353516,,,,,,,
157,leu,96.5351791381836,,,,,,,
158,thr,30.8714599609375,,,,,,,
159,phe,80.8780899047852,,,,,,,
160,glu,56.6539192199707,,,,,,,
161,pro,18.150785446167,,,,,,,
162,val,12.3359613418579,,,,,,,
163,ala,25.4995498657227,,,,,,,
164,lys,161.01936340332,,,,,,,
165,pro,114.644142150879,,,,,,,
166,leu,22.5709457397461,,,,,,,
167,lys,155.055892944336,,,,,,,
168,glu,151.244506835938,,,,,,,
169,glu,172.401870727539,,,,,,,
