Residue_Number,Conservation,MAX AA,ConSurf Grade
1,41.67,E 41.667,
2,31.25,T 31.250,1
3,56.52,S 56.522,5
4,26.47,A 26.471,1
5,47.37,S 47.368,3
6,35.56,PS 35.556,1
7,15.69,T 15.686,1
8,53.7,E 53.704,2
9,50,M 50.000,4
10,41.07,S 41.071,3
11,98.21,K 98.214,9
12,89.29,D 89.286,8
13,25,E 25.000,1
14,100,W 100.000,8
15,82.14,L 82.143,4
16,30.36,K 30.357,1
17,37.5,S 37.500,5
18,33.93,L 33.929,4
19,48.21,K 48.214,4
20,42.86,P 42.857,3
21,51.79,L 51.786,4
22,42.86,L 42.857,7
23,98.21,P 98.214,9
24,33.93,D 33.929,1
25,44.64,L 44.643,5
26,91.07,I 91.071,9
27,100,C 100.000,9
28,75,K 75.000,8
29,83.93,G 83.929,8
30,94.64,F 94.643,9
31,21.43,F 21.429,2
32,33.93,E 33.929,6
33,91.07,D 91.071,9
34,35.71,A 35.714,1
35,33.93,S 33.929,6
36,75,L 75.000,7
37,66.07,K 66.071,6
38,73.21,K 73.214,
39,75,R 75.000,7
40,64.29,L 64.286,6
41,44.64,D 44.643,3
42,44.64,E 44.643,3
43,39.29,I 39.286,4
44,64.29,K 64.286,7
45,57.14,I 57.143,8
46,33.93,DT 33.929,5
47,64.29,Y 64.286,7
48,35.71,D 35.714,2
49,57.14,K 57.143,7
50,100,C 100.000,9
51,58.93,V 58.929,1
52,35.71,T 35.714,1
53,62.5,L 62.500,4
54,96.43,I 96.429,9
55,91.07,P 91.071,8
56,30.36,A 30.357,2
57,85.71,S 85.714,9
58,41.07,F 41.071,4
59,41.07,D 41.071,3
60,94.64,K 94.643,8
61,100,C 100.000,9
62,73.21,Q 73.214,5
63,21.43,Q 21.429,3
64,32.14,KQ 32.143,4
65,41.07,Y 41.071,2
66,91.07,Y 91.071,5
67,39.29,S 39.286,6
68,41.07,S 41.071,1
69,48.21,I 48.214,7
70,100,P 100.000,9
71,41.07,D 41.071,3
72,39.29,K 39.286,1
73,75,I 75.000,6
74,57.14,N 57.143,6
75,23.21,S 23.214,2
76,48.21,E 48.214,2
77,44.64,S 44.643,3
78,98.21,A 98.214,9
79,33.93,S 33.929,4
80,39.29,K 39.286,5
81,100,W 100.000,8
82,100,G 100.000,9
83,35.71,K 35.714,5
84,25,T 25.000,3
85,57.14,L 57.143,4
86,100,G 100.000,9
87,85.71,E 85.714,8
88,100,C 100.000,9
89,98.21,I 98.214,9
90,100,G 100.000,9
91,42.86,K 42.857,5
92,89.29,D 89.286,9
93,100,F 100.000,9
94,83.93,A 83.929,8
95,21.82,I 21.818,3
96,70.91,K 70.909,8
97,76.36,Y 76.364,5
98,100,L 100.000,9
99,43.48,I 43.478,1
100,96.55,P 96.552,8
101,95.65,K 95.652,7
