Residue_Number,Conservation,ConSurf Grade
40,50,
41,10,
42,10,
43,66.667,
44,25,
45,60,
46,28.571,1
47,50,
48,25,
49,36.364,3
50,25,1
51,31.579,
52,20,1
53,19.048,1
54,17.391,1
55,20,1
56,21.429,1
57,17.241,1
58,42.105,2
59,33.333,2
60,23.913,1
61,34.615,4
62,22.414,1
63,31.25,3
64,28.378,1
65,46.667,4
66,32.468,4
67,28.75,3
68,33.75,4
69,31.707,6
70,89.157,8
71,10,9
72,10,9
73,32.53,1
74,79.268,6
75,54.43,5
76,67.949,5
77,22.785,3
78,38.462,4
79,57.143,5
80,37.805,4
81,29.73,2
82,33.784,1
83,25.301,1
84,46.429,7
85,59.524,8
86,34.524,6
87,65.476,9
88,50,5
89,10,9
90,50,7
91,45.238,6
92,44.048,5
93,61.905,7
94,60.714,6
95,98.81,9
96,76.19,8
97,51.19,6
98,45.238,4
99,40.476,5
100,26.19,1
101,29.268,1
102,30.488,1
103,34.524,1
104,27.381,1
105,84.524,9
106,60.714,8
107,64.286,9
108,75,9
109,89.286,9
110,53.571,6
111,32.53,1
112,32.143,2
113,27.381,4
114,85.714,7
115,47.619,4
116,82.143,8
117,58.333,5
118,29.762,3
119,92.857,8
120,21.429,1
121,42.857,5
122,91.667,8
123,89.286,8
124,30.952,3
125,45.238,7
126,78.313,6
127,86.905,8
128,82.143,6
129,77.381,8
130,38.095,3
131,69.048,8
132,70.238,8
133,54.762,7
134,90.476,9
135,21.429,6
136,36.905,2
137,36.905,3
138,52.381,6
139,70.238,8
140,41.667,7
141,59.524,8
142,29.762,4
143,58.333,7
144,55.952,5
145,92.857,8
146,21.429,1
147,86.905,8
148,10,9
149,66.667,7
150,91.667,8
151,60.714,7
152,91.667,8
153,80.952,7
154,84.524,8
155,55.422,6
156,53.333,5
157,89.231,8
158,39.683,2
159,93.22,8
160,68.421,7
161,57.895,5
162,48.214,4
163,83.929,8
164,85.455,7
165,98.182,9
166,96.364,8
167,27.66,1
168,60.526,6
169,92,8
