Number,#,Position F1,Position F2,Assign F1,Assign F2,Height,Volume,Line Width F1 (Hz),Line Width F2 (Hz),Merit,Details,Fit Method,Vol. Method
1,10,8.02572,114.31079, 27ThrH, 27ThrN,1.00667e+06,5.27537e+06,27.08561,31.45268,1.00000,None,parabolic,box sum
2,11,8.19076,126.00596, 28AlaH, 28AlaN,9.81445e+05,4.87260e+06,24.57379,30.70723,1.00000,None,parabolic,box sum
3,12,8.28787,119.02142, 29AsnH, 29AsnN,2.50411e+05,1.41601e+06,40.84668,31.17353,1.00000,None,parabolic,box sum
4,13,8.43111,117.56977, 31AsnH, 31AsnN,2.39354e+05,1.30851e+06,27.88180,32.86836,1.00000,None,parabolic,box sum
5,15,8.52672,120.87049, 33MetH, 33MetN,1.19461e+06,6.89129e+06,28.80912,33.64347,1.00000,None,parabolic,box sum
6,16,8.58888,112.45697, 34ThrH, 34ThrN,1.49220e+06,6.72978e+06,23.68747,27.65018,1.00000,None,parabolic,box sum
7,18,8.22088,117.71740, 36AspH, 36AspN,1.43248e+06,6.89778e+06,23.72922,29.38880,1.00000,None,parabolic,box sum
8,19,7.85908,123.25151, 37AlaH, 37AlaN,1.38566e+06,6.53266e+06,24.59667,27.56381,1.00000,None,parabolic,box sum
9,20,8.91692,121.48099, 38TrpH, 38TrpN,9.83622e+05,4.43271e+06,21.81170,28.41578,1.00000,None,parabolic,box sum
10,21,8.94739,120.87148, 39LeuH, 39LeuN,6.84673e+05,3.67829e+06,21.03476,32.81946,1.00000,None,parabolic,box sum
11,23,7.69546,114.13240, 41SerH, 41SerN,1.16930e+06,5.80698e+06,23.77235,30.82245,1.00000,None,parabolic,box sum
12,24,7.57255,119.56411, 42MetH, 42MetN,8.04640e+05,4.34616e+06,29.38879,31.80092,1.00000,None,parabolic,box sum
13,25,8.25430,114.77556, 43ThrH, 43ThrN,9.25309e+05,4.52400e+06,24.82618,29.84630,1.00000,None,parabolic,box sum
14,26,7.34912,115.31385, 45LeuH, 45LeuN,8.58314e+05,4.28753e+06,25.59224,30.65599,1.00000,None,parabolic,box sum
15,27,7.29347,117.93108, 46LeuH, 46LeuN,7.20815e+05,3.44100e+06,21.66744,31.09320,1.00000,None,parabolic,box sum
16,28,7.89895,114.95136, 48AspH, 48AspN,1.16902e+06,5.81759e+06,55.26831,29.10831,1.00000,None,parabolic,box sum
17,29,7.44704,117.21274, 49LeuH, 49LeuN,1.03480e+06,4.98905e+06,23.95387,29.40898,1.00000,None,parabolic,box sum
18,30,8.87203,118.73593, 50IleH, 50IleN,7.17696e+05,3.48699e+06,27.22462,28.67736,1.00000,None,parabolic,box sum
19,32,8.57716,118.95517, 52LysH, 52LysN,1.05192e+06,5.24034e+06,29.52493,28.25147,1.00000,None,parabolic,box sum
20,33,7.44886,106.15447, 53GlyH, 53GlyN,6.62270e+05,3.39750e+06,30.09760,30.55205,1.00000,None,parabolic,box sum
21,34,7.68294,119.53820, 54PheH, 54PheN,5.03497e+05,2.96518e+06,33.19709,32.89979,1.00000,None,parabolic,box sum
22,35,7.20077,111.84813, 55IleH, 55IleN,8.18049e+05,4.33490e+06,26.29730,32.22850,1.00000,None,parabolic,box sum
23,36,7.55331,116.65136, 56GlnH, 56GlnN,1.22336e+06,7.21203e+06,38.85578,32.92891,1.00000,None,parabolic,box sum
24,37,7.33534,123.49467, 57AspH, 57AspN,1.27292e+06,5.89173e+06,25.13921,27.45077,1.00000,None,parabolic,box sum
25,38,8.02096,117.53132, 59AspH, 59AspN,1.54732e+06,9.16986e+06,25.41823,41.72223,1.00000,None,parabolic,box sum
26,39,8.34292,123.47011, 60LeuH, 60LeuN,1.03015e+06,5.45131e+06,55.79710,28.83188,1.00000,None,parabolic,box sum
27,41,7.34006,117.27139, 62LysH, 62LysN,1.32971e+06,6.24202e+06,23.25731,28.71448,1.00000,None,parabolic,box sum
28,42,7.49511,118.72561, 63ArgH, 63ArgN,1.35079e+06,6.20990e+06,23.29957,27.97973,1.00000,None,parabolic,box sum
29,43,8.76059,120.76762, 64PheH, 64PheN,9.02241e+05,4.15391e+06,24.50091,28.08454,1.00000,None,parabolic,box sum
30,45,8.08186,120.57579, 66GluH, 66GluN,6.09364e+05,7.50754e+06,38.36674,88.66154,1.00000,None,parabolic,box sum
31,46,7.48469,111.01268, 67IleH, 67IleN,9.83498e+05,4.76306e+06,26.02053,29.00309,1.00000,None,parabolic,box sum
32,47,7.84655,118.83020, 68LysH, 68LysN,1.33576e+06,6.98157e+06,58.12453,31.33117,1.00000,None,parabolic,box sum
33,48,8.43451,120.13529, 69MetH, 69MetN,8.90557e+05,4.79585e+06,28.73611,31.45790,1.00000,None,parabolic,box sum
34,49,7.17919,114.64327, 70ThrH, 70ThrN,9.23949e+05,4.67843e+06,25.97277,30.45624,1.00000,None,parabolic,box sum
35,50,9.52942,123.21673, 71TyrH, 71TyrN,1.94401e+05,1.04515e+06,33.69988,30.68806,1.00000,None,parabolic,box sum
36,51,9.21571,117.08953, 72GluH, 72GluN,1.13956e+06,5.48163e+06,22.63314,31.50047,1.00000,None,parabolic,box sum
37,52,7.74644,119.09016, 73GlnH, 73GlnN,1.39306e+06,7.73105e+06,85.08263,32.88297,1.00000,None,parabolic,box sum
38,54,8.15200,117.30553, 75ValH, 75ValN,4.76267e+05,6.40627e+06,77.03650,76.87801,1.00000,None,parabolic,box sum
39,56,7.65439,121.94855, 77LeuH, 77LeuN,9.69797e+05,4.71259e+06,26.38581,28.39972,1.00000,None,parabolic,box sum
40,60,8.60457,120.12068, 82ThrH, 82ThrN,9.75726e+05,4.73790e+06,23.35507,31.18466,1.00000,None,parabolic,box sum
41,62,7.26654,118.67436, 84LysH, 84LysN,1.29304e+06,5.72421e+06,22.24748,28.87694,1.00000,None,parabolic,box sum
42,64,9.14100,121.54314, 86GlnH, 86GlnN,1.00450e+06,4.92219e+06,24.44340,29.62898,1.00000,None,parabolic,box sum
43,65,8.11397,117.80728, 87AspH, 87AspN,1.26569e+06,7.91101e+06,42.54094,84.18768,1.00000,None,parabolic,box sum
44,66,7.94531,119.41758, 88GluH, 88GluN,1.59719e+06,7.56923e+06,22.84903,30.09588,1.00000,None,parabolic,box sum
45,69,8.94495,119.14630, 91AlaH, 91AlaN,8.21068e+05,3.91743e+06,24.41840,29.96004,1.00000,None,parabolic,box sum
46,70,7.83999,112.18412, 92SerH, 92SerN,1.51184e+06,7.00913e+06,24.60542,28.21266,1.00000,None,parabolic,box sum
47,71,6.90805,121.86681, 93MetH, 93MetN,1.26556e+06,6.08273e+06,23.08730,30.74369,1.00000,None,parabolic,box sum
48,72,7.95182,115.16524, 95AspH, 95AspN,1.44898e+06,6.83669e+06,22.07847,29.54957,1.00000,None,parabolic,box sum
49,75,7.62178,123.99203, 98AsnH, 98AsnN,1.02081e+06,4.93196e+06,27.19512,27.88003,1.00000,None,parabolic,box sum
50,78,8.37907,112.09859, 101ThrH, 101ThrN,9.64971e+05,5.15733e+06,28.05306,32.51212,1.00000,None,parabolic,box sum
51,79,8.64385,125.02298, 102AlaH, 102AlaN,1.24154e+06,5.78685e+06,24.52454,28.89997,1.00000,None,parabolic,box sum
52,80,7.94412,105.74420, 103GlyH, 103GlyN,4.68987e+05,2.44635e+06,28.37096,31.08171,1.00000,None,parabolic,box sum
53,81,7.63033,118.44714, 104ThrH, 104ThrN,7.28679e+05,3.79434e+06,26.47406,31.80370,1.00000,None,parabolic,box sum
54,82,8.18025,122.45404, 105TrpH, 105TrpN,9.22143e+05,4.40272e+06,26.51782,28.19973,1.00000,None,parabolic,box sum
55,83,8.98233,110.32684, 106GlyH, 106GlyN,7.44472e+05,3.92783e+06,25.97927,32.49414,1.00000,None,parabolic,box sum
56,84,7.74411,122.75032, 107ArgH, 107ArgN,9.39428e+05,4.90896e+06,23.88211,33.64005,1.00000,None,parabolic,box sum
57,85,8.05694,116.02703, 108SerH, 108SerN,9.75372e+05,4.77928e+06,26.60582,29.67868,1.00000,None,parabolic,box sum
58,86,8.82297,123.03490, 109LeuH, 109LeuN,1.09817e+06,5.27782e+06,24.48766,29.68489,1.00000,None,parabolic,box sum
59,87,8.40125,105.91955, 110GlyH, 110GlyN,5.27078e+05,2.75766e+06,35.83742,29.62289,1.00000,None,parabolic,box sum
60,88,8.64512,122.19515, 111GluH, 111GluN,1.03806e+06,5.03739e+06,24.03100,30.53964,1.00000,None,parabolic,box sum
61,90,8.59202,123.60256, 113IleH, 113IleN,6.91229e+05,3.55553e+06,24.23764,32.35192,1.00000,None,parabolic,box sum
62,91,8.67512,106.24276, 114GlyH, 114GlyN,6.49651e+05,3.18216e+06,28.82462,28.07300,1.00000,None,parabolic,box sum
63,92,7.99782,121.44259, 115LysH, 115LysN,9.17948e+05,4.68505e+06,26.39581,30.26704,1.00000,None,parabolic,box sum
64,94,8.90822,117.99344, 117PheH, 117PheN,8.25802e+05,3.83772e+06,23.65722,27.92655,1.00000,None,parabolic,box sum
65,97,7.62090,115.94850, 120LysH, 120LysN,1.20049e+06,5.62469e+06,22.43000,28.44791,1.00000,None,parabolic,box sum
66,98,7.77194,111.91901, 121HisH, 121HisN,9.36061e+05,4.80449e+06,29.54380,29.94490,1.00000,None,parabolic,box sum
67,99,7.77397,116.53119, 122LeuH, 122LeuN,1.13950e+06,6.31246e+06,43.51614,30.35288,1.00000,None,parabolic,box sum
68,100,7.47021,120.37467, 123IleH, 123IleN,1.49468e+06,7.05163e+06,22.79128,30.36088,1.00000,None,parabolic,box sum
69,101,7.86366,127.20325, 125LysH, 125LysN,3.38478e+06,1.43812e+07,21.16490,26.79061,1.00000,None,parabolic,box sum
