Residue_Number,Name,SASA,CSP after WT titration (ppm),G56C-VitC Height,G56C-Mtsl Height,G56C-Ratio (ox/dia),N80C-VitC Height,N80C-Mtsl Height,N80C-Ratio (ox/dia)
1,glu,112.657852172852,0.00703,3.53E+07,3.09E+07,0.88,7.26E+09,8.45E+09,1.16
2,asp,99.2108535766602,,,,,,,
3,thr,122.965919494629,0.00744,1.62E+07,1.30E+07,0.80,2.80E+09,3.18E+09,1.14
4,ala,61.6824264526367,0.00823,1.63E+07,1.06E+07,0.65,2.48E+09,2.46E+09,0.99
5,asn,110.263374328613,0.00701,4.71E+06,2.94E+06,0.62,6.07E+08,5.39E+08,0.89
6,pro,127.770645141602,,,,,,,
7,asn,128.108642578125,0.00701,4.58E+06,8.68E+05,0.19,6.20E+08,3.19E+08,0.51
8,glu,70.1768035888672,,1.80E+07,7.61E+06,0.42,3.66E+09,1.73E+09,0.47
9,met,80.5269165039062,0.06,1.08E+07,1.53E+06,0.14,2.20E+09,3.71E+08,0.17
10,thr,61.7560729980469,0.024,1.11E+07,1.95E+06,0.18,1.78E+09,4.50E+08,0.25
11,lys,37.1445846557617,0.02119,1.34E+07,7.23E+06,0.54,1.72E+09,1.06E+09,0.62
12,asp,90.617073059082,0.00661,1.21E+07,8.14E+06,0.67,2.17E+09,2.13E+09,0.98
13,ala,42.2144317626953,0.01229,1.08E+07,7.19E+06,0.66,1.69E+09,1.43E+09,0.85
14,trp,15.3321590423584,0.01705,6.74E+06,3.31E+06,0.49,1.23E+09,7.56E+08,0.61
15,leu,3.33192086219788,0.05074,5.03E+06,2.61E+06,0.52,9.67E+08,6.84E+08,0.71
16,asn,108.691299438477,0.03,,,,1.43E+09,1.12E+09,0.79
17,ser,68.4612350463867,0.00564,9.09E+06,2.55E+06,0.28,1.80E+09,6.15E+08,0.34
18,met,32.8885688781738,0.04593,5.91E+06,9.25E+05,0.16,1.08E+09,2.47E+08,0.23
19,thr,15.2963161468506,0.03713,6.98E+06,2.45E+06,0.35,1.23E+09,5.76E+08,0.47
20,pro,87.0491561889648,,,,,,,
21,leu,102.464462280273,0.00605,5.63E+06,1.59E+06,0.28,1.09E+09,4.04E+08,0.37
22,leu,2.02271509170532,0.04622,4.39E+06,1.29E+06,0.29,7.88E+08,3.47E+08,0.44
23,pro,7.01151609420776,,,,,,,
24,asp,51.6432113647461,0.0024,8.09E+06,3.58E+06,0.44,1.15E+09,6.03E+08,0.53
25,leu,103.261291503906,0.03828,5.91E+06,9.25E+05,0.16,1.16E+09,2.80E+08,0.24
26,ile,17.7126770019531,0.05249,3.96E+06,4.55E+05,0.12,8.05E+08,1.25E+08,0.16
27,cys,0,0.04634,1.38E+07,3.07E+06,0.22,,,
28,lys,88.3511047363281,0.06269,1.14E+07,4.78E+06,0.42,1.91E+09,9.21E+08,0.48
29,gly,30.8733005523682,0.0398,4.98E+06,8.80E+04,0.02,9.92E+08,3.71E+07,0.04
30,phe,17.1257419586182,0.0267,1.49E+06,6.48E+05,0.44,5.83E+08,7.29E+07,0.13
31,ile,52.7289352416992,0.02238,5.66E+06,1.60E+06,0.28,1.12E+09,4.18E+08,0.37
32,gln,142.800888061523,0.01165,1.36E+07,1.02E+07,0.75,1.39E+09,6.66E+08,0.48
33,asp,54.4274215698242,0.000545,8.76E+06,1.27E+06,0.14,1.73E+09,3.16E+08,0.18
34,pro,111.633758544922,,,,,,,
35,asp,87.3300323486328,0.01789,6.83E+06,3.07E+06,0.45,2.60E+09,7.28E+08,0.28
36,leu,66.495002746582,0.06262,2.73E+06,1.64E+06,0.60,3.79E+08,3.27E+07,0.09
37,lys,86.5869216918945,,8.33E+06,2.69E+06,0.32,9.11E+08,2.81E+08,0.31
38,lys,152.250839233398,0.00738,8.46E+06,1.21E+06,0.14,1.02E+09,2.12E+08,0.21
39,arg,107.814476013184,0.00444,8.13E+06,1.28E+05,0.02,1.56E+09,4.33E+07,0.03
40,phe,10.373875617981,0.01026,6.39E+06,5.61E+05,0.09,1.10E+09,2.22E+08,0.20
41,asp,75.1134490966797,0.00646,2.16E+06,1.52E+06,0.70,3.27E+08,3.60E+08,1.10
42,glu,113.620674133301,,4.14E+07,3.21E+07,0.77,2.00E+09,1.01E+09,0.51
43,ile,47.4835739135742,0.01438,6.80E+06,2.85E+06,0.42,1.29E+09,6.45E+08,0.50
44,lys,176.685516357422,0.00634,8.32E+06,3.68E+06,0.44,9.90E+08,5.36E+08,0.54
45,met,12.1860666275024,0.0131,6.55E+06,3.93E+06,0.60,1.16E+09,7.25E+08,0.63
46,thr,74.28955078125,0.01807,6.36E+06,5.09E+06,0.80,1.17E+09,1.20E+09,1.02
47,tyr,75.6813354492188,0.01466,2.03E+06,3.11E+05,0.15,2.52E+08,3.11E+07,0.12
48,glu,138.149658203125,0.01659,7.94E+06,4.95E+06,0.62,1.62E+09,1.37E+09,0.84
49,gln,80.4870223999023,,9.88E+06,7.68E+06,0.78,2.03E+09,2.04E+09,1.01
50,cys,0,0.00689,1.25E+07,1.14E+07,0.91,1.83E+09,2.16E+09,1.18
51,val,36.2347221374512,0.0054,8.22E+06,6.77E+06,0.82,1.51E+09,1.60E+09,1.06
52,thr,83.2954559326172,0.00629,8.49E+06,6.82E+06,0.80,1.91E+09,1.88E+09,0.98
53,leu,27.2917747497559,0.00741,6.58E+06,5.63E+06,0.86,1.25E+09,1.33E+09,1.06
54,ile,0,0.00252,4.53E+06,5.14E+06,1.13,5.50E+08,9.51E+08,1.73
55,pro,54.8636741638184,,,,,,,
56,glu,108.086151123047,0.02096,1.36E+07,8.63E+06,0.64,1.82E+09,1.67E+09,0.92
57,ser,0,0.00728,7.45E+06,3.75E+06,0.50,1.09E+09,9.75E+08,0.89
58,thr,6.99298858642578,0.01116,7.12E+06,5.20E+06,0.73,1.26E+09,1.22E+09,0.97
59,lys,140.070922851563,0.00184,7.19E+06,7.45E+06,1.04,1.04E+09,1.03E+09,0.99
60,lys,90.5296325683594,0.01141,8.04E+06,6.51E+06,0.81,9.39E+08,9.08E+08,0.97
61,cys,0,,7.00E+06,5.78E+06,0.83,1.44E+09,1.43E+09,0.99
62,gln,23.6481761932373,0.00514,7.37E+06,5.97E+06,0.81,1.44E+09,1.41E+09,0.98
63,asp,92.5593185424805,0.00457,9.43E+06,8.41E+06,0.89,1.84E+09,1.79E+09,0.97
64,glu,106.599784851074,0.00736,1.11E+07,8.73E+06,0.78,1.81E+09,1.90E+09,1.05
65,leu,25.536937713623,0.00547,5.25E+06,6.34E+06,1.21,1.40E+09,1.43E+09,1.02
66,tyr,93.0460052490234,,1.80E+07,1.36E+07,0.75,1.34E+09,1.71E+09,1.28
67,ala,87.6462097167969,0.00114,6.72E+06,5.52E+06,0.82,1.15E+09,1.29E+09,1.12
68,ser,81.8254623413086,0.01383,1.18E+07,9.74E+06,0.82,2.24E+09,2.51E+09,1.12
69,met,6.94519424438477,0.01595,8.86E+06,7.59E+06,0.86,1.83E+09,1.95E+09,1.07
70,pro,63.1753120422363,,,,,,,
71,asp,98.7342376708984,0.00704,1.23E+07,1.02E+07,0.83,2.21E+09,2.44E+09,1.11
72,lys,113.736282348633,0.00289,8.96E+06,4.80E+06,0.54,1.49E+09,1.55E+09,1.04
73,ile,0,0.01955,8.33E+06,3.53E+06,0.42,1.27E+09,8.22E+08,0.65
74,asn,62.8140869140625,,6.36E+06,1.81E+06,0.28,1.31E+09,4.38E+08,0.34
75,ser,112.614448547363,0.01991,3.09E+05,9.63E+04,0.31,1.05E+08,-5.27E+06,-0.05
76,glu,147.753204345703,,1.74E+07,1.47E+07,0.85,5.94E+09,5.63E+09,0.95
77,thr,21.7889518737793,0.02733,8.83E+06,3.30E+06,0.37,1.59E+09,7.27E+08,0.46
78,ala,16.3076953887939,0.01859,9.49E+06,7.52E+05,0.08,1.64E+09,1.20E+08,0.07
79,gly,44.0518569946289,0.04612,4.13E+06,1.99E+05,0.05,6.97E+08,7.03E+07,0.10
80,thr,72.8689422607422,0.03433,6.74E+06,1.38E+06,0.20,1.07E+09,3.50E+08,0.33
81,trp,38.7086143493652,0.02355,6.44E+06,2.19E+06,0.34,1.06E+09,5.20E+08,0.49
82,gly,8.7285623550415,0.02731,5.47E+06,1.40E+05,0.03,9.88E+08,-1.60E+07,-0.02
83,arg,182.197860717773,,7.17E+06,1.35E+05,0.02,1.12E+09,9.23E+07,0.08
84,ser,28.642017364502,0.0194,7.85E+06,1.95E+06,0.25,1.25E+09,4.71E+08,0.38
85,leu,0,0.0459,7.41E+06,1.78E+06,0.24,1.32E+09,4.46E+08,0.34
86,gly,14.7941293716431,,3.26E+06,6.72E+04,0.02,6.31E+08,-1.80E+07,-0.03
87,glu,81.190299987793,0.04041,7.01E+06,5.95E+04,0.01,1.16E+09,6.92E+07,0.06
88,cys,26.2487030029297,,2.81E+06,1.18E+06,0.42,1.26E+09,5.04E+08,0.40
89,ile,0,0.01185,4.99E+06,6.73E+05,0.13,8.82E+08,1.60E+08,0.18
90,gly,15.6244974136353,0.03259,4.24E+06,2.65E+04,0.01,7.83E+08,-5.42E+06,-0.01
91,lys,140.632568359375,0.01139,2.53E+06,2.14E+06,0.84,1.07E+09,7.84E+09,
92,asp,25.3144378662109,0.00675,1.41E+07,6.86E+06,0.49,2.52E+09,3.49E+09,1.39
93,phe,0,0.02178,5.47E+06,1.25E+06,0.23,1.11E+09,4.11E+08,0.37
94,ala,23.4888706207275,0.03757,1.71E+06,7.80E+05,0.46,1.47E+09,2.57E+08,0.17
95,glu,122.148712158203,0.04159,,,,1.34E+09,3.08E+08,0.23
96,lys,96.7960586547852,0.01312,7.46E+06,2.99E+06,0.40,8.63E+08,4.83E+08,0.56
97,his,83.7037658691406,0.02304,6.11E+06,2.95E+06,0.48,1.36E+09,6.65E+08,0.49
98,leu,5.85963487625122,0.03209,9.58E+05,9.40E+05,0.98,1.11E+09,2.08E+08,0.19
99,ile,78.9428253173828,0.01433,1.10E+07,3.64E+05,0.03,2.31E+09,6.97E+07,0.03
100,pro,101.309684753418,,,,,,,
101,lys,243.98030090332,0.00811,2.75E+07,8.00E+06,0.29,3.84E+09,1.60E+09,0.42
